ten;vn;kmz;song;pre;num;suf;x_utm;y_utm;co_z;ch_survey;rong_excel;rong_tuyen;z_day;n_pt;file_excel;mike1;mike1_ch;mike1_d;mike2;mike2_ch;mike2_d;mike3;mike3_ch;mike3_d
SWat Lo;SWATLO;VN;;;;;538630.9;1172025.6;no;;;1762.8;;;;VamNao;13997.1;403.2;Cai Tac;10705.4;416.1;;;
Sat Lo;SATLO;ST;;;;;649905.7;1144072.3;no;;;992.9;;;;Tien;178960.6;393.3;Tien_7;1301.2;443.1;Bao Dinh;0.0;594.6
Sat Lo;SATLO;ST;;;;;650327.0;1144272.7;no;;;821.4;;;;Tien_7;1636.6;143.8;Bao Dinh;0.0;641.9;Tien;178984.5;809.0
Sat Lo;SATLO;ST;;;;;612005.9;1140908.2;no;;;2035.6;;;;CaiBe_TG;854.9;305.3;Tien;137665.3;690.1;Phuoc Xuyen;21040.1;1587.4
Sat Lo;SATLO;ST;;;;;574071.7;1151231.6;no;;;1317.3;;;;Tien;88612.9;466.3;Cao Lanh;17193.1;1403.8;So 1;0.0;2658.7
Sat Lo;SATLO;ST;;;;;566628.5;1154078.0;no;;;541.9;;;;Tien_6;1842.2;147.5;Tien;77799.4;1970.4;;;
Sat Lo;SATLO;ST;;;;;559431.1;1164316.9;no;;;1110.7;;;;Tien;65045.8;239.7;Tan Cong Chi4;13046.4;1999.8;DTM83-3;3859.0;2139.6
Sông Bình Ghi;SONGBINHGHI;SH;;;;;508677.8;1209465.6;no;;;;;;;SongBinhDi;1645.0;150.5;BASSAC;112.9;1721.8;BassacCam;83305.5;1884.6
Campuchia;CAMPUCHIA;SH;;;;;507946.1;1211797.7;no;;;;;;;BassacCam;82473.0;43.6;BASSAC;0.0;1231.2;SongBinhDi;327.6;1252.5
Sông Bình Ghi;SONGBINHGHI;SH;;;;;508677.8;1209465.6;no;;;;;;;SongBinhDi;1645.0;150.5;BASSAC;112.9;1721.8;BassacCam;83305.5;1884.6
Sat lo;SATLO;SH;;;;;618495.5;1079169.1;no;;;8156.5;;;;CuaTranDe;1301.1;589.0;CuaDinhAn;1069.9;990.5;Hau_11;9786.6;1219.7
Sat Lo;SATLO;SH;;;;;633948.0;1064350.6;no;;;5439.4;;;;CuaDinhAn;22916.6;1343.2;SHU_10_100)2005;14379.5;1591.8;;;
Sat Lo;SATLO;SH;;;;;630646.4;1059632.0;no;;;;;;;CuaTranDe;25053.3;858.9;SHU_12_108_2005;14709.9;994.3;;;
Sat Lo;SATLO;SH;;;;;637696.1;1061361.2;no;;;2499.1;;;;CuaDinhAn;27516.9;1470.8;SHU_10_100)2005;19055.3;1757.1;;;
34P1;34P1;SH;;;;;606154.9;1092054.1;no;;;847.3;;;;Hau_10;1820.2;73.3;BASSAC;175976.0;849.5;Hau_9;8567.9;1219.6
Sat Lo;SATLO;SH;;;;;514343.8;1185747.4;no;;;3806.0;;;;BASSAC;36082.4;159.8;Vinh An;15110.6;708.5;Takaev-Channel;11492.3;1910.2
Sat Lo;SATLO;SH;;;;;545103.9;1151631.2;no;;;;;;;BASSAC;88547.2;338.6;TGLX42-3;2501.9;1253.5;TGLX42;1823.5;1401.7
Sat Lo;SATLO;SH;;;;;536549.2;1163904.8;no;;;2580.6;;;;BASSAC;72613.5;492.6;TGLX37-2;49.7;1055.7;VamNao;23423.6;1409.9
Sat Lo;SATLO;SH;;;;;586485.7;1113260.3;no;;;1754.6;;;;BASSAC;146436.0;555.4;Nha Man TT;25020.8;703.5;Bao Ke DH;854.8;1713.7
Sat Lo;SATLO;CC;;;;;649326.4;1103395.3;no;;;1582.1;;;;CuaCungHau;2616.6;517.2;TRAVINH;0.0;715.2;CuaCoChien;2335.8;1218.7
Sat Lo;SATLO;CC;;;;;616861.7;1132869.8;no;;;568.8;;;;CoChien;16748.9;303.6;CoChien_1;3491.7;1288.5;Tong Hung LH;0.0;1522.2
Sat Lo;SATLO;CC;;;;;616727.8;1134077.8;no;;;1322.7;;;;CoChien_1;3285.1;90.8;C01;7196.7;880.3;CoChien;16542.9;1501.4
SH1;SH1;SH;BASSAC;SH;1;;510601.9;1207017.6;yes;8525.0;559.7;171.4;-4.52;110;SongHau;BASSAC;9638.5;10.7;Bung_Binh_Thien_Lon;659.5;1019.2;SongBinhDi;2430.2;2676.7
SH1a;SH1A;SH;BASSAC;SH;1;A;509144.1;1211136.5;yes;170.0;251.0;266.1;-6.47;67;SongHau;BASSAC;145.8;12.7;SongBinhDi;0.0;247.9;BassacCam;83305.5;538.2
SH1b;SH1B;SH;BASSAC;SH;1;B;512838.5;1211205.9;yes;4333.0;164.2;120.5;-12.24;43;SongHau;BASSAC;4583.4;3.1;Bass_E;74854.9;2018.4;;;
SH2;SH2;SH;BASSAC;SH;2;;509177.7;1203596.1;yes;13780.0;258.8;208.2;-8.11;67;SongHau;BASSAC;14062.9;1.8;;;;;;
SH3;SH3;SH;BASSAC;SH;3;;508681.6;1199643.7;yes;19655.0;243.0;177.9;-19.91;65;SongHau;BASSAC;19954.4;12.0;Bass_West;64702.7;1995.3;;;
SH4;SH4;SH;BASSAC;SH;4;;510213.1;1195888.2;yes;23550.0;221.2;167.0;-12.68;60;SongHau;BASSAC;24139.6;13.2;Hau_1;0.0;1079.3;Bass_West;68851.2;1834.7
SH5;SH5;SH;BASSAC;SH;5;;513403.1;1192013.0;yes;29050.0;241.3;179.9;-9.57;63;SongHau;BASSAC;29223.9;6.3;Hau_1;4321.7;1743.4;ChauDoc-Channel;8443.7;2952.8
SH5p;SH5P;SH;BASSAC;SH;5;P;512060.7;1190857.9;yes;33800.0;204.6;181.5;-7.26;53;SongHau;Hau_1;4565.9;10.6;Takaev-Channel;5193.5;1755.3;BASSAC;29291.3;1763.4
SH6;SH6;SH;BASSAC;SH;6;;514261.4;1186101.8;yes;35290.0;321.5;261.6;-19.84;84;SongHau;BASSAC;35767.3;22.2;Vinh An;15042.0;1065.8;Hau_1;8658.0;1687.9
SH7;SH7;SH;BASSAC;SH;7;;515484.6;1183434.0;yes;39570.0;409.4;363.1;-18.58;109;SongHau;BASSAC;39933.1;3.7;TGLX4-2;0.0;1533.5;Bassac4;9468.6;1722.5
SH8;SH8;SH;BASSAC;SH;8;;520686.8;1182240.1;yes;44935.0;617.7;554.5;-15.44;160;SongHau;BASSAC;45300.9;8.0;;;;;;
SH9;SH9;SH;BASSAC;SH;9;;523299.1;1179269.3;yes;48930.0;527.0;505.2;-14.02;134;SongHau;BASSAC;49429.4;48.6;Rach_Cai_Dam;20261.6;266.3;Bassac4;2750.2;2447.2
SH10;SH10;SH;BASSAC;SH;10;;523230.0;1174422.8;yes;53900.0;436.1;580.5;-18.27;110;SongHau;BASSAC;54399.8;5.0;Tri Ton;0.0;614.3;TGLX14-3;0.0;1047.2
SH11;SH11;SH;BASSAC;SH;11;;525595.5;1170449.2;yes;59000.0;677.0;584.7;-13.75;173;SongHau;BASSAC;59114.9;4.7;Muoi Chau Phu;0.0;294.5;TGLX21-2;0.0;966.3
SH12;SH12;SH;BASSAC;SH;12;;530045.8;1166971.6;yes;64370.0;384.5;302.8;-20.22;102;SongHau;BASSAC;64820.7;38.7;TGLX33;0.0;901.4;Ba The;0.0;1045.8
SH13;SH13;SH;BASSAC;SH;13;;534571.7;1166216.4;yes;69580.0;871.4;1033.2;-16.95;222;SongHau;BASSAC;69573.8;117.2;Cai Tac;0.0;878.6;TGLX37;1047.9;1243.1
SH14;SH14;SH;BASSAC;SH;14;;536201.4;1163385.6;yes;72670.0;947.1;1229.3;-17.96;241;SongHau;BASSAC;73019.0;17.2;TGLX37-2;0.0;468.9;NangGu;4939.7;1536.3
SH15;SH15;SH;BASSAC;SH;15;;539910.6;1157641.5;yes;79450.0;801.3;882.5;-19.3;205;SongHau;BASSAC;80045.1;62.3;Hau_2;3507.6;2048.2;TGLX40;0.0;2367.3
SH15P;SH15P;SH;BASSAC;SH;15;P;538420.3;1156225.3;yes;79450.0;318.5;247.8;-4.25;84;SongHau;Hau_2;3607.8;5.3;TGLX40;712.0;463.0;TGLX40-1;1419.0;1433.9
SH16;SH16;SH;BASSAC;SH;16;;542927.7;1154968.2;yes;83415.0;783.0;721.5;-20.06;201;SongHau;BASSAC;84136.1;4.9;Chac Ca Dao;0.0;583.7;Hau_2;7382.1;1041.1
SH17;SH17;SH;BASSAC;SH;17;;545680.8;1151322.5;yes;91430.0;604.3;535.3;-19.4;157;SongHau;BASSAC;89062.4;26.6;TGLX42-3;1848.6;1289.6;TGLX42;2159.6;1932.5
SH17P;SH17P;SH;BASSAC;SH;17;P;549853.6;1152292.4;yes;88265.0;316.9;266.9;-28.08;86;SongHau;Hau_3;5907.8;38.9;Ong Chuong;20614.1;2405.4;;;
SH18;SH18;SH;BASSAC;SH;18;;549501.9;1147945.3;yes;95965.0;677.0;703.2;-30.62;180;SongHau;BASSAC;94309.1;14.4;Hau_3;10143.4;211.2;Rach Gia LX;0.0;723.2
SH19;SH19;SH;BASSAC;SH;19;;552241.8;1143605.2;yes;100860.0;784.7;829.0;-20.15;200;SongHau;BASSAC;99484.5;24.4;Tron;342.4;928.6;Lap Vo;49069.9;1442.9
SH20;SH20;SH;BASSAC;SH;20;;555546.9;1140172.9;yes;105630.0;1161.1;1392.1;-15.33;291;SongHau;BASSAC;104257.8;54.0;Hau_4;0.0;1321.4;Ba Chieu;0.0;1541.7
SH21;SH21;SH;BASSAC;SH;21;;560136.1;1137183.1;yes;110880.0;1242.3;1707.6;-21.55;320;SongHau;BASSAC;109810.9;45.1;Hau_4;4224.5;2087.1;Thot Not;0.0;2354.7
SH21p;SH21P;SH;BASSAC;SH;21;P;558862.2;1135568.4;yes;110880.0;389.2;466.5;-10.56;101;SongHau;Hau_4;4509.7;36.6;Thot Not;0.0;328.8;BASSAC;109894.8;2100.1
SH22;SH22;SH;BASSAC;SH;22;;564041.1;1133581.3;yes;116420.0;1009.9;972.9;-16.53;260;SongHau;BASSAC;115140.9;19.6;Ong Phu;12518.9;503.9;RachBaNhien_RachCat;421.4;1911.6
SH22P;SH22P;SH;BASSAC;SH;22;P;562625.1;1131905.3;yes;116420.0;401.7;388.8;-11.33;105;SongHau;Hau_4;9797.2;12.9;RachBaNhien_RachCat;98.2;592.2;BASSAC;115248.1;2171.8
SH23;SH23;SH;BASSAC;SH;23;;567561.8;1129117.0;yes;122040.0;757.5;723.3;-22.69;197;SongHau;BASSAC;120874.8;4.5;Duong Hoa LT;17150.1;440.5;RachBaNhien_RachCat;5197.3;1339.0
SH23p;SH23P;SH;BASSAC;SH;23;P;565749.1;1128070.4;yes;122040.0;615.2;525.8;-8.69;157;SongHau;Hau_4;14769.4;16.1;RachBaNhien_RachCat;4777.0;711.6;Thom Rom;0.0;1721.8
SH24;SH24;SH;BASSAC;SH;24;;569236.9;1125267.6;yes;126335.0;1253.9;1230.8;-19.56;319;SongHau;BASSAC;125128.2;39.7;Kenh_Bong_Sung;5974.9;679.1;Hau_4;18255.0;1130.9
SH25;SH25;SH;BASSAC;SH;25;;572426.0;1121874.3;yes;130770.0;1096.2;916.5;-23.07;277;SongHau;BASSAC;129791.7;55.3;Rach_Chanh;127.8;601.2;O Mon;0.0;622.7
SH26;SH26;SH;BASSAC;SH;26;;576557.7;1119164.1;yes;133800.0;1138.2;1102.3;-19.28;236;SongHau;BASSAC;134726.4;39.0;Can Tho HH;20591.4;1025.7;Rach_Chanh;5106.7;1769.2
SH27;SH27;SH;BASSAC;SH;27;;582175.6;1115562.7;yes;140500.0;883.5;1041.3;-19.41;187;SongHau;BASSAC;141521.2;60.5;Hau_5;1657.2;1080.3;KH9;0.0;2068.9
SH27P;SH27P;SH;BASSAC;SH;27;P;581662.5;1114617.5;yes;140500.0;529.5;782.4;-13.83;114;SongHau;Hau_5;1759.9;9.8;BASSAC;141490.9;1135.5;KH9;0.0;1410.7
SH28;SH28;SH;BASSAC;SH;28;;586190.8;1112707.3;yes;145500.0;1006.7;951.1;-35.55;210;SongHau;BASSAC;146631.6;40.0;Nha Man TT;25581.8;982.8;Bao Ke DH;762.0;1765.9
SH29;SH29;SH;BASSAC;SH;29;;589200.0;1108925.5;yes;150400.0;1038.3;1048.6;-21.98;215;SongHau;BASSAC;151477.2;55.3;Hau_6;2839.8;1270.0;Can_Tho;34405.4;2110.3
SH29p;SH29P;SH;BASSAC;SH;29;P;588152.6;1108149.7;yes;150400.0;429.6;737.6;-9.34;94;SongHau;Hau_6;2699.1;25.8;BASSAC;151582.9;1243.8;APMYXEOLAXEOGIUA;8775.7;1762.3
SH30;SH30;SH;BASSAC;SH;30;;591069.9;1105337.8;yes;153900.0;1550.5;1576.3;-18.61;319;SongHau;BASSAC;155578.2;148.9;Hau_7;0.0;564.2;Ben Bao;0.0;633.6
SH31;SH31;SH;BASSAC;SH;31;;593492.5;1102681.0;yes;158500.0;1304.0;1228.4;-18.8;327;SongHau;BASSAC;159229.4;28.1;Rach_Cai_Dau;5198.4;1232.5;Cai Cui;0.0;1391.6
SH31P;SH31P;SH;BASSAC;SH;31;P;594926.2;1104571.0;yes;158500.0;297.7;244.3;-8.79;78;SongHau;Hau_7;3444.9;20.4;DongThang;10641.3;933.0;BASSAC;158902.6;2377.6
SH32;SH32;SH;BASSAC;SH;32;;597217.5;1099440.2;yes;163050.0;985.6;902.1;-21.24;249;SongHau;BASSAC;164177.2;12.3;Nang Mau;115.7;1412.9;Nga Bat;0.0;1591.1
SH32P;SH32P;SH;BASSAC;SH;32;P;599549.3;1102279.6;yes;163050.0;649.8;857.6;-15.09;166;SongHau;Hau_7;8726.1;70.0;DongThang;15113.5;250.6;Mang Thit;46526.2;1191.2
SH33;SH33;SH;BASSAC;SH;33;;601691.4;1095278.7;yes;169200.0;789.0;815.2;-18.37;200;SongHau;BASSAC;170488.8;50.9;Cai Cau;9.5;534.9;Muong Lo2;3739.9;1064.8
SH33P1;SH33P1;SH;BASSAC;SH;33;P1;602751.2;1096321.8;yes;169200.0;567.7;691.3;-18.98;148;SongHau;Hau_9;3487.5;53.7;BASSAC;170509.4;1435.9;Hau_7;15658.7;1640.0
SH33P2;SH33P2;SH;BASSAC;SH;33;P2;603928.2;1097680.1;yes;169200.0;635.6;733.2;-7.98;164;SongHau;Hau_7;15218.9;30.7;Hau_8;1421.5;846.8;MTT37;0.0;985.0
SH33P3;SH33P3;SH;BASSAC;SH;33;P3;604646.5;1098157.4;yes;169200.0;236.4;276.4;-3.89;68;SongHau;Hau_8;1617.8;7.0;MTT37;0.0;162.2;Hau_7;15075.1;881.0
SH34;SH34;SH;BASSAC;SH;34;;605493.3;1091325.4;yes;174900.0;698.7;921.4;-18.8;182;SongHau;BASSAC;176015.3;134.0;Hau_10;1684.9;1048.2;SHU_22_23;234.3;1502.5
SH34P2;SH34P2;SH;BASSAC;SH;34;P2;607310.9;1092919.6;yes;174900.0;1175.5;1576.9;-13.55;298;SongHau;Hau_7;21166.1;29.0;Hau_9;8994.0;282.6;Hau_10;2073.3;1330.7
SH34P3;SH34P3;SH;BASSAC;SH;34;P3;608700.1;1094065.1;yes;174900.0;307.7;637.3;-8.41;80;SongHau;Hau_8;7425.4;6.0;BONGLOT_CR;13771.2;894.7;Hau_7;20555.8;1601.1
SH35;SH35;SH;BASSAC;SH;35;;610335.4;1089031.4;yes;179800.0;3446.3;3944.4;-12.38;737;SongHau;Hau_7;26170.0;20.0;Hau_10;6691.9;353.7;BASSAC;181081.1;1630.3
SH36;SH36;SH;BASSAC;SH;36;;613716.2;1084875.7;yes;185450.0;3317.2;3712.3;-12.98;666;SongHau;BASSAC;186668.9;107.4;Hau_7;30166.3;1453.7;Hau_11;1941.6;1508.1
SH36A;SH36A;SH;BASSAC;SH;36;A;617006.2;1081456.7;yes;190400.0;3263.0;2614.1;-17.29;591;SongHau;BASSAC;191523.2;82.8;CuaDinhAn;0.0;1309.3;CuaTranDe;0.0;1321.6
SH36AP;SH36AP;SH;BASSAC;SH;36;AP;615782.0;1080096.6;no;;;954.8;;;;Hau_11;7166.3;123.5;BASSAC;191863.3;1880.8;Muong Dieu;6632.9;1937.9
SH37;SH37;SH;BASSAC;SH;37;;620454.6;1079252.8;yes;194850.0;1706.7;2061.3;-12.79;374;SongHau;CuaDinhAn;2871.9;97.0;2-9_DOWN;11083.4;853.2;CANCHONG;0.0;1927.9
SH37P;SH37P;SH;BASSAC;SH;37;P;618650.3;1077448.0;yes;194850.0;1684.6;;-9.75;354;SongHau;CuaTranDe;3245.4;158.7;Hau_11;9786.6;1307.5;Dai Ngai;0.0;1479.0
SH38;SH38;SH;BASSAC;SH;38;;624148.2;1075647.4;yes;199500.0;2179.4;2970.9;-14.78;447;SongHau;CuaDinhAn;8069.0;54.5;SHU_10_100)2005;0.0;1392.2;BACTRANG;10628.3;2724.2
SH38P;SH38P;SH;BASSAC;SH;38;P;620558.7;1072855.6;yes;199500.0;1311.7;1622.6;-9.81;277;SongHau;CuaTranDe;8222.1;46.9;K. Ba Xam _Goi_1;3311.0;1748.0;;;
SH39;SH39;SH;BASSAC;SH;39;;627312.0;1072167.5;yes;204200.0;1585.7;1516.8;-14.64;328;SongHau;CuaDinhAn;12799.6;99.7;VAMBUON;16806.8;1458.1;SHU_10_100)2005;3547.0;1735.3
SH39P;SH39P;SH;BASSAC;SH;39;P;622938.4;1067790.5;yes;204200.0;992.5;1271.1;-12.61;210;SongHau;CuaTranDe;13833.4;54.5;K. Bao Bien;8036.8;92.4;SHU_12_108_2005;1756.4;1487.2
SH40;SH40;SH;BASSAC;SH;40;;630962.6;1068645.2;yes;209200.0;1785.2;1750.0;-11.81;420;SongHau;CuaDinhAn;17865.3;36.8;TraCu;20477.4;1571.0;SHU_10_100)2005;9271.3;2380.5
SH40P;SH40P;SH;BASSAC;SH;40;P;626212.3;1063836.1;yes;209200.0;1313.0;1253.5;-10.72;275;SongHau;CuaTranDe;19013.4;4.1;ST29_ST56;0.0;1287.9;U-QLPH51;6934.5;2294.3
SH41;SH41;SH;BASSAC;SH;41;;634546.1;1065671.3;yes;213900.0;2280.0;2284.3;-10.75;484;SongHau;CuaDinhAn;22520.6;51.5;HAMGIANG;118.0;2170.2;Sarai1;14908.5;2641.0
SH41P;SH41P;SH;BASSAC;SH;41;P;629365.0;1059691.7;yes;213900.0;1637.8;1911.4;-9.22;375;SongHau;CuaTranDe;24226.3;121.6;SHU_12_108_2005;14236.3;1889.0;;;
SH42;SH42;SH;BASSAC;SH;42;;638064.6;1062640.8;yes;218400.0;2635.6;2555.4;-12.19;569;SongHau;CuaDinhAn;27150.6;190.6;SHU_10_100)2005;19150.1;1656.1;Sarai1;15412.6;2179.4
SH42P;SH42P;SH;BASSAC;SH;42;P;631975.9;1055099.0;yes;218400.0;1694.1;1650.4;-11.46;348;SongHau;CuaTranDe;29553.3;126.1;SHU_12_108_2005;23600.0;1181.7;K. Cai Xe_Ngan Ro;25207.7;1774.1
SH43;SH43;SH;BASSAC;SH;43;;642104.9;1060214.6;yes;223215.0;2734.0;2652.2;-11.17;565;SongHau;CuaDinhAn;31862.3;110.2;LANGSAC_CANAL;390.8;2534.8;;;
SH43P;SH43P;SH;BASSAC;SH;43;P;633790.5;1051054.3;yes;223215.0;2715.0;3012.7;-9.5;564;SongHau;CuaTranDe;33990.9;51.4;Tiep Nhat;25587.1;1119.0;;;
CC1;CC1;CC;CoChien;CC;1;;602383.9;1136287.0;yes;0.0;1117.0;1210.2;-19.97;231;SongCoChien;CoChien;814.1;48.2;Tien;124886.1;829.7;;;
CC2;CC2;CC;CoChien;CC;2;;606789.5;1134394.2;yes;4900.0;543.7;716.9;-35.74;116;SongCoChien;CoChien;5923.1;17.0;LongHo;0.0;303.1;Bao Ke DH;32734.2;1016.4
CC3;CC3;CC;CoChien;CC;3;;611805.6;1134391.6;yes;10100.0;1461.1;1786.6;-18.22;297;SongCoChien;CoChien;11066.3;12.5;C02;0.0;1966.4;CoChien_1;0.0;2095.8
CC4;CC4;CC;CoChien;CC;4;;616950.9;1132554.4;yes;15750.0;582.1;568.8;-27.48;122;SongCoChien;CoChien;16856.8;5.9;Tong Hung LH;0.0;1552.6;CoChien_1;3818.1;1593.9
CC4p;CC4P;CC;CoChien;CC;4;P;616991.3;1134181.0;yes;15750.0;331.5;274.0;-10.56;74;SongCoChien;CoChien_1;3541.9;28.1;C01;7377.2;662.4;CoChien;16799.8;1620.2
CC5;CC5;CC;CoChien;CC;5;;622504.1;1131490.0;yes;21500.0;1548.7;1608.6;-20.67;314;SongCoChien;CoChien;22642.5;136.5;C03;1031.6;1141.3;C04;4651.7;1408.4
CC6;CC6;CC;CoChien;CC;6;;626783.1;1128423.9;yes;26750.0;1024.9;1227.5;-20.53;211;SongCoChien;CoChien;28035.7;13.5;CoChien_3;0.0;211.5;C07;7203.0;317.0
CC6P;CC6P;CC;CoChien;CC;6;P;625790.0;1127672.8;yes;26750.0;563.6;644.0;-12.1;119;SongCoChien;CoChien_2;1824.7;61.1;CoChien;28477.2;1196.4;CoChien_3;0.0;1392.9
CC7;CC7;CC;CoChien;CC;7;;628574.7;1125198.7;yes;30450.0;602.2;895.0;-19.31;164;SongCoChien;CoChien;31823.3;50.7;CoChien_3;3355.4;1135.0;Mang Thit;449.9;1493.0
CC7P;CC7P;CC;CoChien;CC;7;P;629554.0;1125868.0;yes;30450.0;713.6;1093.0;-17.41;150;SongCoChien;CoChien_3;3595.2;26.7;C08;7064.2;370.6;CoChien;31805.7;1236.7
CC8;CC8;CC;CoChien;CC;8;;630087.2;1120471.0;yes;35350.0;785.5;1178.1;-20.82;205;SongCoChien;CoChien;36969.6;7.2;Kenh_16;1900.9;2978.1;;;
CC8P;CC8P;CC;CoChien;CC;8;P;632963.0;1122694.2;yes;35350.0;639.3;608.7;-14.93;165;SongCoChien;CoChien_3;8269.2;50.9;C38;3441.0;76.0;C41;0.0;709.7
CC9;CC9;CC;CoChien;CC;9;;633037.2;1117361.5;yes;39800.0;1228.5;1366.0;-18.2;318;SongCoChien;CoChien;41263.1;57.2;VUNGLIEM_CRECK;0.0;488.6;;;
CC9P;CC9P;CC;CoChien;CC;9;P;635734.7;1119093.2;yes;39800.0;944.5;949.7;-13.63;247;SongCoChien;CoChien_3;12861.7;36.3;C12;17600.5;645.3;C13;11733.5;1979.0
CC10;CC10;CC;CoChien;CC;10;;637353.3;1113178.3;yes;44700.0;1437.9;938.7;-15.61;374;SongCoChien;CoChien;47345.9;30.8;CAIHOP;1669.0;958.2;Dua_do_Creck;0.0;1042.9
CC10P1;CC10P1;CC;CoChien;CC;10;P1;637558.3;1114073.7;no;;;793.6;;;;CoChien;47050.9;900.8;CAIHOP;912.9;1551.0;CoChien_3;18154.4;1774.4
CC10P2;CC10P2;CC;CoChien;CC;10;P2;638738.4;1115486.2;no;;;1014.0;;;;CoChien_3;17576.5;14.9;Mo Cay;565.6;1283.6;C17;0.0;1646.6
CC11;CC11;CC;CoChien;CC;11;;640872.8;1111632.8;yes;49450.0;2266.2;3137.1;-17.0;577;SongCoChien;CoChien;51479.8;307.9;CoChien_4;0.0;510.6;CoChien_3;21019.5;982.8
CC12;CC12;CC;CoChien;CC;12;;643422.4;1108669.8;yes;53350.0;1580.4;2158.8;-17.6;323;SongCoChien;CoChien;55501.6;20.6;BASI_CR;640.9;1586.2;CoChien_4;3719.6;1793.6
CC12P;CC12P;CC;CoChien;CC;12;P;644794.0;1109917.3;yes;53350.0;288.7;787.5;-6.78;66;SongCoChien;CoChien_4;4025.8;29.0;C17;6542.4;1005.0;C16;11346.3;1848.2
CC13;CC13;CC;CoChien;CC;13;;647206.3;1106012.3;yes;57800.0;2633.4;3516.7;-17.61;536;SongCoChien;CoChien;60220.0;203.9;CuaCungHau;0.0;1016.6;CuaCoChien;0.0;1110.8
CC14;CC14;CC;CoChien;CC;14;;650199.8;1104163.1;yes;61500.0;1589.5;1592.0;-14.71;325;SongCoChien;CuaCoChien;2499.8;67.4;C17;16634.4;1595.8;CuaCungHau;2877.8;1672.7
CC14p;CC14P;CC;CoChien;CC;14;P;649108.1;1102948.5;yes;61500.0;852.4;796.2;-13.23;177;SongCoChien;CuaCungHau;2806.6;41.1;TRAVINH;0.0;231.9;CuaCoChien;2460.6;1700.0
CC15;CC15;CC;CoChien;CC;15;;654102.6;1101567.4;yes;65700.0;1406.6;1760.3;-15.87;289;SongCoChien;CuaCoChien;7191.5;50.5;C25;8015.2;504.6;CuaCungHau;7141.7;2486.9
CC15P;CC15P;CC;CoChien;CC;15;P;652363.2;1099653.8;yes;65700.0;1100.3;1424.0;-12.78;231;SongCoChien;CuaCungHau;7496.5;45.9;CuaCoChien;6975.6;2627.6;C25;8015.2;2850.0
CC16;CC16;CC;CoChien;CC;16;;658197.9;1099213.2;yes;70950.0;1273.5;1505.2;-13.59;263;SongCoChien;CuaCoChien;11937.3;38.5;C27;8752.8;2292.6;C26;4686.8;2653.4
CC16P;CC16P;CC;CoChien;CC;16;P;656709.4;1095843.4;yes;70950.0;1219.4;1653.3;-12.96;249;SongCoChien;CuaCungHau;13292.8;3.3;ngaihiep;0.0;1148.8;VINHKIMCANAL;0.0;2308.2
CC17;CC17;CC;CoChien;CC;17;;662858.2;1096652.7;yes;76300.0;1371.8;1781.9;-15.83;283;SongCoChien;CuaCoChien;17306.0;113.9;C29;9001.3;771.1;;;
CC17P1;CC17P1;CC;CoChien;CC;17;P1;659844.4;1092872.1;no;;;1926.9;;;;CuaCungHau;17644.9;146.7;VINHKIMCANAL;1838.7;1986.3;nhatho_vannhat;0.0;2104.8
CC17P2;CC17P2;CC;CoChien;CC;17;P2;660739.1;1093735.4;no;;;667.3;;;;CuaCungHau;17590.9;1095.3;VINHKIMCANAL;0.0;2944.9;;;
CC18;CC18;CC;CoChien;CC;18;;666593.9;1092750.3;yes;81700.0;1707.9;2012.4;-15.16;347;SongCoChien;CuaCoChien;22753.7;137.7;C30;10363.4;1338.8;;;
CC18P;CC18P;CC;CoChien;CC;18;P;663064.9;1090025.1;yes;81700.0;2482.7;2921.3;-9.46;493;SongCoChien;CuaCungHau;21931.4;34.0;VINHBINH;12082.1;2150.3;;;
CC19;CC19;CC;CoChien;CC;19;;669921.1;1089692.5;yes;86060.0;1752.1;1894.9;-12.43;361;SongCoChien;CuaCoChien;27261.7;55.0;C32;8882.8;2974.0;;;
CC19P;CC19P;CC;CoChien;CC;19;P;665854.4;1086605.0;yes;86060.0;2597.5;2752.3;-9.29;531;SongCoChien;CuaCungHau;26410.9;268.7;VINHBINH;10038.3;1010.0;;;
HL1;HL1;HL;HamLuong;HL;1;;626127.1;1135885.8;yes;0.0;887.4;919.1;-13.89;289;SongHamLuong;Ham Luong;1426.1;13.8;C06;0.0;396.4;B01;509.6;1123.7
HL2;HL2;HL;HamLuong;HL;2;;630749.5;1133829.0;yes;5650.0;365.3;446.3;-14.91;119;SongHamLuong;Ham Luong;6757.5;26.2;HamLuong_1;378.6;569.8;Branch AA;2378.3;1019.7
HL2P1;HL2P1;HL;HamLuong;HL;2;P1;630821.9;1133098.2;yes;5650.0;358.6;369.2;-16.2;96;SongHamLuong;HamLuong_1;914.0;7.6;HamLuong_2;2377.6;645.4;Ham Luong;6717.1;707.1
HL2P2;HL2P2;HL;HamLuong;HL;2;P2;630673.1;1132431.7;yes;5650.0;300.1;354.7;-11.22;80;SongHamLuong;HamLuong_2;2424.9;35.9;HamLuong_1;1132.0;639.6;C07;1609.0;666.3
HL3;HL3;HL;HamLuong;HL;3;;635055.5;1132798.6;yes;10350.0;553.8;673.1;-23.58;178;SongHamLuong;Ham Luong;11905.2;70.7;C11;0.0;855.3;HamLuong_1;4204.1;1391.4
HL4;HL4;HL;HamLuong;HL;4;;639584.8;1134598.6;yes;15250.0;1128.2;1412.7;-11.91;371;SongHamLuong;Ham Luong;16820.2;80.9;Branch AA;11739.2;362.5;Ham Luong1;0.0;1285.4
HL5;HL5;HL;HamLuong;HL;5;;644260.0;1133305.6;yes;20150.0;833.0;1038.8;-15.92;273;SongHamLuong;Ham Luong;21885.1;22.0;B10;0.0;924.5;Ham Luong1;5121.7;1788.7
HL6;HL6;HL;HamLuong;HL;6;;646437.0;1131329.0;yes;22750.0;714.2;1071.6;-15.73;236;SongHamLuong;Ham Luong;24857.3;8.1;Ham Luong1;7938.1;1777.3;Giao Hoa;0.0;1854.8
HL7;HL7;HL;HamLuong;HL;7;;648823.0;1126330.3;yes;28650.0;804.6;843.7;-12.06;169;SongHamLuong;Ham Luong;30660.7;21.2;HamLuong_3;686.8;774.0;Ham Luong1;11616.7;1437.9
HL7P1;HL7P1;HL;HamLuong;HL;7;P1;649592.8;1126426.7;yes;28650.0;179.7;277.5;-6.41;46;SongHamLuong;HamLuong_3;946.5;10.6;HamLuong_4;2209.9;742.6;Ham Luong;30768.5;747.1
HL7P2;HL7P2;HL;HamLuong;HL;7;P2;650361.4;1126574.4;yes;28650.0;468.8;607.6;-13.05;101;SongHamLuong;HamLuong_4;2289.1;36.1;HamLuong_3;1030.7;767.6;B11;7480.0;1372.5
HL8;HL8;HL;HamLuong;HL;8;;651006.2;1121556.9;yes;34000.0;837.9;1072.1;-15.41;174;SongHamLuong;Ham Luong;35928.8;2.5;HamLuong_3;4558.3;1515.8;HamLuong_4;6513.7;1551.8
HL8P;HL8P;HL;HamLuong;HL;8;P;652368.1;1122472.6;yes;34000.0;658.3;778.5;-11.96;138;SongHamLuong;HamLuong_4;6994.4;34.0;Ham Luong;35753.9;1634.2;HamLuong_3;4558.3;1841.4
HL9;HL9;HL;HamLuong;HL;9;;653787.4;1117855.7;yes;38200.0;941.9;1108.3;-22.01;196;SongHamLuong;Ham Luong;40595.0;19.5;HamLuong_4;12058.3;982.5;MCC01_19;0.0;1008.0
HL9P1;HL9P1;HL;HamLuong;HL;9;P1;654619.5;1118405.1;yes;38200.0;468.0;568.4;-8.38;103;SongHamLuong;HamLuong_4;11710.1;48.1;HamLuong_5;1421.4;681.0;B34;0.0;924.6
HL9P2;HL9P2;HL;HamLuong;HL;9;P2;655296.2;1118599.6;yes;38200.0;380.9;525.9;-10.78;86;SongHamLuong;HamLuong_5;1511.3;17.3;B34;0.0;283.9;HamLuong_4;11672.8;655.0
HL10;HL10;HL;HamLuong;HL;10;;657222.9;1114158.6;yes;44000.0;1378.4;1558.0;-11.32;289;SongHamLuong;Ham Luong;45684.2;14.9;C23;0.0;1086.0;HamLuong_5;5619.2;1596.3
HL10P;HL10P;HL;HamLuong;HL;10;P;658327.5;1115357.3;yes;44000.0;424.8;447.1;-12.57;97;SongHamLuong;HamLuong_5;6067.7;19.7;B34;4899.4;702.9;Ham Luong;45916.0;1598.6
HL11;HL11;HL;HamLuong;HL;11;;660375.7;1110933.6;yes;48600.0;1603.4;1724.2;-11.55;332;SongHamLuong;Ham Luong;50286.2;7.3;B12;18512.8;2458.9;HamLuong_5;8376.7;2815.2
HL12;HL12;HL;HamLuong;HL;12;;663383.3;1108509.6;yes;52500.0;2649.9;2988.1;-9.03;541;SongHamLuong;Ham Luong;54220.6;105.2;HamLuong_6;0.0;1167.2;C27;0.0;1577.7
HL13;HL13;HL;HamLuong;HL;13;;666721.2;1105914.7;yes;56650.0;1233.7;1717.8;-14.28;257;SongHamLuong;Ham Luong;58601.7;117.9;C28;3699.7;2258.6;HamLuong_6;2856.9;2416.0
HL13P;HL13P;HL;HamLuong;HL;13;P;667418.3;1108114.0;yes;56650.0;1038.3;1596.0;-10.43;217;SongHamLuong;HamLuong_6;3085.2;120.2;B23;2539.0;785.0;Ham Luong;58402.2;2180.6
HL14;HL14;HL;HamLuong;HL;14;;671359.3;1105152.3;yes;60850.0;2039.6;2168.3;-12.19;417;SongHamLuong;Ham Luong;63615.1;93.4;B27;20641.9;333.7;B16;13073.2;1962.0
HL15;HL15;HL;HamLuong;HL;15;;675253.0;1102766.6;yes;65300.0;2594.3;2623.4;-10.05;536;SongHamLuong;Ham Luong;68180.6;13.2;B30;16102.7;907.3;C31;0.0;2575.7
HL16;HL16;HL;HamLuong;HL;16;;678826.9;1101366.5;yes;69100.0;2790.8;2998.5;-10.81;567;SongHamLuong;Ham Luong;72019.2;131.0;C28;23653.4;2261.7;;;
ST1;ST1;ST;Tien;ST;1;;520638.8;1205981.7;yes;0.0;1837.6;1794.6;-24.55;463;SongTien;Tien;288.9;136.8;MekongCam;308615.9;862.1;Cam42;0.0;900.6
ST2;ST2;ST;Tien;ST;2;;522326.8;1201432.5;yes;4760.0;758.7;932.3;-18.67;192;SongTien;Tien;5282.6;9.9;Tu Thuong;0.0;401.2;DTM140-2;1924.2;1005.0
ST2P;ST2P;ST;Tien;ST;2;P;520647.1;1201213.0;yes;4760.0;720.9;812.3;-14.63;183;SongTien;Tien_1;3415.8;44.9;Tien;4974.6;1675.7;Tu Thuong;0.0;2071.3
ST3;ST3;ST;Tien;ST;3;;523936.6;1196977.5;yes;9550.0;1625.2;1789.8;-24.46;413;SongTien;Tien;10062.4;153.5;Tien_1;9163.6;179.2;DTM141-2;1416.2;2085.7
ST4;ST4;ST;Tien;ST;4;;527079.5;1194297.8;yes;14040.0;693.5;659.9;-33.23;177;SongTien;Tien;14581.0;21.1;Vinh An;0.0;517.8;Tien_2;864.9;1954.2
ST5;ST5;ST;Tien;ST;5;;533866.6;1191661.9;yes;21525.0;757.9;839.0;-21.55;194;SongTien;Tien;22080.9;47.9;Tien_2;8095.4;2222.0;;;
ST5P;ST5P;ST;Tien;ST;5;P;533320.9;1196304.2;yes;21525.0;545.3;555.3;-22.09;140;SongTien;Tien_3;4674.3;29.9;DTM143-3;981.1;767.3;Tra Du;2451.2;1057.3
ST6;ST6;ST;Tien;ST;6;;538957.2;1188946.4;yes;28418.0;1153.0;1312.3;-26.41;291;SongTien;Tien;29064.8;97.6;DTM23-1;1812.2;816.4;An Binh;0.0;1415.3
ST7;ST7;ST;Tien;ST;7;;541286.9;1181897.7;yes;36060.0;574.6;622.1;-20.54;147;SongTien;Tien;36744.7;27.2;DTM67-1;0.0;487.5;Dong Tien3;55.5;893.7
ST8;ST8;ST;Tien;ST;8;;543231.5;1176835.0;yes;41640.0;1107.6;1100.3;-16.06;279;SongTien;Tien;42170.4;37.2;DTM67-2;606.5;1330.1;DTM67-1;4035.6;1883.0
ST9;ST9;ST;Tien;ST;9;;545516.9;1171973.5;yes;46785.0;898.3;847.9;-20.13;227;SongTien;Tien;47553.6;21.5;DTM81-1;729.2;973.0;An Phong MH1;479.8;1726.9
ST10;ST10;ST;Tien;ST;10;;548184.0;1167424.1;yes;52010.0;750.2;721.3;-19.56;191;SongTien;Tien;52836.5;20.1;VamNao2;8856.5;867.5;DTM81-2;674.5;1247.6
ST11;ST11;ST;Tien;ST;11;;551770.0;1164873.5;yes;56516.0;878.5;870.8;-21.05;226;SongTien;Tien;57300.6;87.2;K2-9;14056.3;1025.3;Tien_4;0.0;1433.3
ST12;ST12;ST;Tien;ST;12;;555155.4;1164284.4;yes;60470.0;1155.9;1489.0;-15.19;292;SongTien;Tien;60766.3;5.5;Tan Cong Chi4;10762.7;1809.1;Tien_4;369.0;2020.0
st12P;ST12P;ST;Tien;ST;12;P;559068.3;1164152.6;yes;63930.0;601.5;568.1;-32.1;157;SongTien;Tien;64790.3;65.8;Tan Cong Chi4;13046.4;1779.5;DTM83-3;3859.0;2537.9
ST12P;ST12P;ST;Tien;ST;12;P;553574.5;1162426.9;yes;63930.0;601.5;201.4;-32.1;157;SongTien;Tien_4;1940.4;140.9;Cha Va;0.0;581.0;Tien;59590.4;1902.8
ST13;ST13;ST;Tien;ST;13;;561663.4;1160480.9;yes;68480.0;869.9;1151.5;-20.2;229;SongTien;Tien;69411.2;56.4;Nguyen Van Tiep1;0.0;2027.0;Cao Lanh;511.4;2139.7
ST14;ST14;ST;Tien;ST;14;;562849.0;1156381.6;yes;73045.0;1377.9;1397.1;-27.5;350;SongTien;Tien;73722.7;25.3;Tien_5;0.0;1612.4;Cao Lanh;0.0;2260.3
ST14P;ST14P;ST;Tien;ST;14;P;562405.3;1152838.3;yes;76420.0;259.0;296.2;-10.4;67;SongTien;Tien_4;15478.8;3.7;Tien_5;1965.5;346.3;Tien;76122.1;1893.4
ST15;ST15;ST;Tien;ST;15;;565184.9;1150885.3;yes;79570.0;575.3;513.8;-15.4;143;SongTien;Tien_5;5266.9;11.2;Tien;80064.9;757.7;;;
ST15p1;ST15P1;ST;Tien;ST;15;P1;565645.8;1151554.1;yes;79570.0;670.4;626.3;-15.1;174;SongTien;Tien;79708.2;26.4;Tien_5;5643.9;794.6;Tien_6;669.3;2353.6
ST15p2;ST15P2;ST;Tien;ST;15;P2;566640.4;1153855.6;yes;79570.0;382.9;331.2;-26.4;101;SongTien;Tien_6;1939.8;46.7;Tien;78007.5;1891.0;;;
ST16;ST16;ST;Tien;ST;16;;569286.2;1151066.5;yes;83763.0;639.4;630.3;-30.2;166;SongTien;Tien;83873.6;39.4;Tien_6;5718.1;271.9;Thay Lam;182.4;960.6
ST16P;ST16P;ST;Tien;ST;16;P;571744.7;1150971.5;yes;86520.0;897.2;1072.5;-21.51;229;SongTien;Tien;86342.1;81.8;Tien_6;5718.1;2729.1;;;
ST17;ST17;ST;Tien;ST;17;;574488.3;1150558.0;yes;89240.0;1024.6;;-18.54;260;SongTien;Tien;89124.7;138.1;Cao Lanh;17788.8;1120.0;;;
ST18;ST18;ST;Tien;ST;18;;578912.2;1148653.1;yes;93780.0;1338.6;1348.7;-32.0;338;SongTien;Tien;94034.5;116.5;Song_Tien106_107;0.0;1142.7;DTM104-2;1956.0;1362.8
ST19;ST19;ST;Tien;ST;19;;582121.1;1145129.6;yes;98915.0;1173.7;1243.4;-28.7;294;SongTien;Tien;98982.9;124.9;CaiNho;0.0;154.7;Cai Beo;10227.0;931.6
ST20;ST20;ST;Tien;ST;20;;583967.3;1139895.7;yes;104450.0;1029.8;998.8;-23.4;263;SongTien;Tien;104582.7;18.2;Lap Vo;16566.1;1031.4;Muong Khai;40585.4;1437.6
ST21;ST21;ST;Tien;ST;21;;586507.2;1137237.3;yes;108110.0;1183.3;1180.9;-38.2;302;SongTien;Tien;108411.4;54.7;Lap Vo;12399.5;1068.3;Can Tho HH;1462.0;1553.6
ST22;ST22;ST;Tien;ST;22;;591649.3;1138544.3;yes;113785.0;1253.0;1168.2;-30.51;320;SongTien;Tien;113833.3;34.6;CaiNho;12428.1;953.9;CaiNho_1;3053.2;1616.6
ST23;ST23;ST;Tien;ST;23;;595923.3;1137697.0;yes;118135.0;840.4;799.0;-28.84;216;SongTien;Tien;118257.5;50.4;Lap Vo;0.0;2567.2;Song_Sa_Dec;4177.0;2961.5
ST23P;ST23P;ST;Tien;ST;23;P;597488.8;1135603.2;no;;;397.3;;;;Lap Vo;0.0;83.0;Tien;120869.1;597.6;Xeo Mat CV;0.0;2461.2
ST24;ST24;ST;Tien;ST;24;;599913.9;1136305.3;yes;121500.0;920.2;799.6;-24.23;237;SongTien;Tien;123017.2;28.3;CoChien;0.0;1805.4;Lap Vo;0.0;2605.0
ST25;ST25;ST;Tien;ST;25;;604005.0;1139107.1;yes;126400.0;1018.5;1268.7;-24.05;260;SongTien;Tien;128192.5;129.6;So 1_2;14917.4;2398.3;;;
ST26;ST26;ST;Tien;ST;26;;609244.7;1141696.3;yes;133000.0;441.7;391.3;-19.38;105;SongTien;Tien;134975.1;11.2;K7-2;0.0;585.9;CaiBe_TG;0.0;2028.6
ST27;ST27;ST;Tien;ST;27;;611346.7;1140198.3;yes;135400.0;1484.2;1546.1;-14.72;380;SongTien;Tien;137687.7;278.3;CaiBe_TG;0.0;718.8;C01;0.0;1965.6
ST27p;ST27P;ST;Tien;ST;27;P;611828.0;1141157.8;yes;135400.0;568.4;554.1;-9.25;144;SongTien;CaiBe_TG;782.9;7.4;Tien;137363.7;745.1;Phuoc Xuyen;21040.1;1604.7
ST28;ST28;ST;Tien;ST;28;;616793.7;1136915.3;yes;142050.0;766.9;716.2;-17.39;194;SongTien;Tien;144056.1;12.9;C01;6188.7;1710.6;CaiBe_TG;8385.5;2547.7
ST28p1;ST28P1;ST;Tien;ST;28;P1;620383.2;1137410.3;yes;145650.0;594.3;573.2;-10.99;153;SongTien;CaiBe_TG;10810.0;19.4;Tien;148338.2;776.4;C05;0.0;964.9
ST28P2;ST28P2;ST;Tien;ST;28;P2;620534.0;1136622.5;yes;145650.0;664.1;531.9;-20.14;174;SongTien;Tien;148096.2;11.7;C05;0.0;457.6;CaiBe_TG;11221.1;570.2
ST29;ST29;ST;Tien;ST;29;;621725.3;1137023.4;yes;147050.0;476.6;630.6;-33.6;124;SongTien;Tien;149390.1;77.2;CaiBe_TG;11556.6;695.2;C05;0.0;820.2
ST30;ST30;ST;Tien;ST;30;;626151.3;1137399.9;yes;151600.0;978.0;941.9;-14.02;252;SongTien;Tien;153904.0;17.6;B01;0.0;618.6;Ham Luong;450.1;1144.1
ST31;ST31;ST;Tien;ST;31;;631143.8;1139952.3;yes;157250.0;922.6;938.4;-10.79;238;SongTien;Tien;159523.9;16.5;NamThon;15356.0;772.8;GO28_38;1084.1;1278.8
ST31P;ST31P;ST;Tien;ST;31;P;630791.3;1140647.8;yes;157250.0;416.4;436.7;-3.7;108;SongTien;NamThon;15296.4;4.7;Tien;159501.1;795.9;DTM135-3;3280.5;1359.1
ST32;ST32;ST;Tien;ST;32;;637752.6;1141361.4;yes;164000.0;974.0;950.3;-14.35;200;SongTien;Tien;166417.2;30.9;A01;4493.1;1144.2;Cau Sao;18987.0;1326.1
ST33;ST33;ST;Tien;ST;33;;642432.6;1142694.0;yes;168900.0;913.2;1240.5;-12.2;190;SongTien;Tien;171308.2;46.0;Tien_9;394.6;1203.7;Sau Au;19706.4;1251.5
ST33A;ST33A;ST;Tien;ST;33;A;647151.6;1143785.7;yes;173800.0;728.4;903.3;-14.86;155;SongTien;Tien;176151.4;5.2;Tien_9;7302.1;1229.7;Tien_7;0.0;1724.1
ST33AP1;ST33AP1;ST;Tien;ST;33;AP1;647606.9;1142650.1;yes;173800.0;525.5;552.7;-11.13;113;SongTien;Tien_9;7316.4;6.4;Tien_8;1053.5;589.3;Tien;176256.7;1213.7
ST33P;ST33P;ST;Tien;ST;33;P;643247.8;1141045.8;yes;168900.0;432.1;670.2;-16.33;93;SongTien;Tien_9;2608.8;10.5;A01;0.0;870.1;A02;1923.0;1491.0
ST33P2;ST33P2;ST;Tien;ST;33;P2;647811.1;1142072.8;yes;173800.0;396.1;425.2;-6.98;84;SongTien;Tien_8;1105.1;20.9;Tien_9;7298.2;605.7;Tien;176284.2;1825.4
ST34;ST34;ST;Tien;ST;34;;650117.9;1143139.0;yes;177100.0;1498.7;1568.4;-11.27;305;SongTien;Tien_8;3859.1;37.0;Tien;179625.0;168.7;Tien_9;9616.5;376.1
ST34p;ST34P;ST;Tien;ST;34;P;650201.0;1144429.8;yes;177100.0;315.7;324.7;-10.57;69;SongTien;Tien_7;1483.8;16.9;Bao Dinh;0.0;449.4;Tien;178984.5;850.4
ST35;ST35;ST;Tien;ST;35;;654133.8;1142341.9;yes;181000.0;1169.2;1197.1;-12.95;240;SongTien;Tien;183962.9;45.6;GO_06_12;48460.9;559.1;Cho Gao;27639.1;1152.8
ST36;ST36;ST;Tien;ST;36;;657593.3;1140196.7;yes;185050.0;1342.3;1390.8;-10.92;277;SongTien;Tien;188038.0;37.4;GO_06_12;44185.5;1026.7;Giao Hoa;17656.5;1474.2
ST37CD;ST37CD;ST;Tien;ST;37;CD;662095.3;1137187.8;yes;190700.0;882.1;1021.3;-14.31;184;SongTien;CuaDai;4129.1;143.7;CuaDai_1;1737.3;1770.3;A16;2803.1;2420.4
ST37CDP;ST37CDP;ST;Tien;ST;37;CDP;662825.0;1138846.4;yes;190700.0;323.5;473.3;-11.25;72;SongTien;CuaDai_1;1164.7;1.2;CuaTieu;3707.6;1005.9;KenhHuyen;1360.3;1233.6
ST37CT;ST37CT;ST;Tien;ST;37;CT;662966.9;1139893.9;yes;190700.0;653.2;725.6;-8.89;138;SongTien;CuaTieu;3929.1;27.6;KenhHuyen;1360.3;237.1;CuaDai_1;650.4;922.3
ST38CD;ST38CD;ST;Tien;ST;38;CD;667095.9;1135642.7;yes;196200.0;1359.4;1620.0;-13.45;277;SongTien;CuaDai;9389.1;0.3;CuaDai_1;6711.3;310.4;CuaDai_2;944.3;1202.8
ST38CDP;ST38CDP;ST;Tien;ST;38;CDP;667183.4;1136832.7;yes;196200.0;249.1;446.3;-4.95;56;SongTien;CuaDai_2;834.0;14.8;CuaDai_1;5927.4;512.1;CuaDai;9259.5;1185.8
ST38CT;ST38CT;ST;Tien;ST;38;CT;667960.7;1139200.2;yes;196200.0;711.4;879.2;-11.59;149;SongTien;CuaTieu;8993.7;15.2;K.HPhu-Hquoi;2580.7;250.0;TT107;0.0;1547.5
ST39CD;ST39CD;ST;Tien;ST;39;CD;671708.9;1134337.5;yes;200800.0;1352.1;1754.3;-10.16;278;SongTien;CuaDai;14184.8;66.0;A06;0.0;259.6;A05;191.6;1176.9
ST39CT;ST39CT;ST;Tien;ST;39;CT;672522.3;1137620.5;yes;200800.0;782.0;904.1;-10.79;161;SongTien;CuaTieu;13846.4;106.0;cachuoi;0.0;780.1;K.Vach;2367.6;1457.6
ST40CD;ST40CD;ST;Tien;ST;40;CD;676837.3;1133218.9;yes;206050.0;1655.2;1623.7;-9.41;337;SongTien;CuaDai;19456.4;176.3;A07;0.0;361.0;CuaDai_2;11085.2;1655.0
ST40CT;ST40CT;ST;Tien;ST;40;CT;678070.1;1137318.7;yes;206050.0;731.1;882.8;-10.36;151;SongTien;CuaTieu;19452.7;88.0;K.BoDay;3375.3;1544.4;K.LHai;2977.6;2467.5
ST41CD;ST41CD;ST;Tien;ST;41;CD;681384.7;1131270.0;yes;211000.0;874.4;1156.4;-10.91;199;SongTien;CuaDai;24483.7;167.4;A09;471.0;967.4;CuaDai_3;1469.2;1372.7
ST41CDP1;ST41CDP1;ST;Tien;ST;41;CDP1;681683.9;1132522.3;yes;211000.0;939.0;1082.7;-10.31;195;SongTien;CuaDai_3;1573.7;89.5;CuaDai;24316.7;1109.3;CuaDai_2;17033.3;1139.4
ST41CDP2;ST41CDP2;ST;Tien;ST;41;CDP2;681942.5;1133743.0;yes;211000.0;366.2;456.8;-5.89;79;SongTien;CuaDai_2;16049.6;1.9;CuaDai_3;1643.0;1156.4;CuaDai;23198.6;2237.0
ST41CT;ST41CT;ST;Tien;ST;41;CT;683131.7;1138064.3;yes;211000.0;618.9;713.4;-11.27;129;SongTien;CuaTieu;25390.6;104.2;klonguong1;0.0;390.3;K.LHai;5962.9;1890.2
ST42CD;ST42CD;ST;Tien;ST;42;CD;686252.3;1129944.3;yes;216350.0;2137.1;2227.5;-9.5;434;SongTien;CuaDai;29738.3;185.9;CuaDai_3;6990.9;359.5;A09;18147.9;2366.7
ST42CT;ST42CT;ST;Tien;ST;42;CT;686765.0;1136726.6;yes;216350.0;1008.1;947.6;-10.19;211;SongTien;CuaTieu;29884.0;29.6;K.NamTinh;4954.2;1240.2;TT103;10996.4;2031.7
ST43CD;ST43CD;ST;Tien;ST;43;CD;690442.5;1127637.6;yes;221150.0;2295.6;2343.8;-10.67;469;SongTien;CuaDai;34527.0;73.5;A14;0.0;435.2;;;
ST43CT;ST43CT;ST;Tien;ST;43;CT;691069.2;1135342.8;yes;221150.0;1266.7;1149.2;-8.85;262;SongTien;CuaTieu;34426.1;25.5;bosau_baisay;0.0;320.8;K.Hoai-Belan;0.0;1195.4
VN1;VN1;VN;VamNao;VN;1;;538397.2;1184279.2;yes;355.0;1056.4;1373.5;-18.33;270;SongVamNao;Tien_2;22940.2;67.5;VamNao;1289.8;151.0;Tien;32904.2;1350.8
VN1;VN1;VN;VamNao;VN;1;;538397.2;1184279.2;yes;355.0;1056.4;1373.5;-18.33;270;SongVamNao;Tien_2;22940.2;67.5;VamNao;1289.8;151.0;Tien;32904.2;1350.8
VN2;VN2;VN;VamNao;VN;2;;536935.6;1179672.5;yes;5260.0;639.6;553.4;-23.26;166;SongVamNao;VamNao;6117.2;54.6;;;;;;
VN3;VN3;VN;VamNao;VN;3;;537626.9;1175126.8;yes;9855.0;700.0;681.2;-14.76;177;SongVamNao;VamNao;10749.7;108.8;;;;;;
VN4;VN4;VN;VamNao;VN;4;;539197.3;1171731.9;yes;13670.0;739.0;675.5;-12.35;194;SongVamNao;VamNao;14486.0;5.4;Cai Tac;10862.9;280.5;;;
VN5;VN5;VN;VamNao;VN;5;;539766.6;1168423.4;yes;17315.0;527.8;513.6;-22.03;137;SongVamNao;VamNao;18163.9;21.0;VamNao2;0.0;752.7;Ca Mau;0.0;1572.6
VN6;VN6;VN;VamNao;VN;6;;536050.0;1165490.9;yes;22000.0;488.0;501.4;-19.91;127;SongVamNao;VamNao;23011.6;23.1;BASSAC;71114.7;422.1;TGLX37-3;0.0;837.7
