survey_name;river;file_stem;chainage_survey;x_utm;y_utm;mike_branch;mike_chainage;dist_proj_m;n_pts;width_m;z_bed;z_bank_L;z_bank_R;awet_m2;sec_file
ST1;Tien;SongTien;0.0;520638.76300662896;1205981.6635467631;Tien;288.9;136.8;463;1837.6;-24.55;6.7;6.35;24189.5;SongTien_ST1.csv
ST2;Tien;SongTien;4760.0;522326.83555745723;1201432.473457322;Tien;5282.6;9.9;192;758.7;-18.67;2.57;4.22;11619.9;SongTien_ST2.csv
ST2P;Tien;SongTien;4760.0;520647.070048088;1201213.0405396384;Tien_1;3415.8;44.9;183;720.9;-14.63;3.2;4.85;6815.5;SongTien_ST2P.csv
ST3;Tien;SongTien;9550.0;523936.6074984091;1196977.526763924;Tien;10062.4;153.5;413;1625.2;-24.46;3.63;4.21;25106.6;SongTien_ST3.csv
ST4;Tien;SongTien;14040.0;527079.5302283112;1194297.801278236;Tien;14581.0;21.1;177;693.5;-33.23;5.61;5.84;12956.6;SongTien_ST4.csv
ST4P;Tien;SongTien;15970.0;;;;;;46;187.7;-9.02;4.66;2.31;836.6;SongTien_ST4P.csv
ST5;Tien;SongTien;21525.0;533866.5868892076;1191661.912045371;Tien;22080.9;47.9;194;757.9;-21.55;1.62;4.71;10241.4;SongTien_ST5.csv
ST5P;Tien;SongTien;21525.0;533320.9490443371;1196304.1749329905;Tien_3;4674.3;29.9;140;545.3;-22.09;4.92;4.31;6777.3;SongTien_ST5P.csv
ST6;Tien;SongTien;28418.0;538957.2248663178;1188946.4257826589;Tien;29064.8;97.6;291;1153.0;-26.41;3.56;3.76;19544.8;SongTien_ST6.csv
ST6P;Tien;SongTien;32000.0;;;;;;78;292.1;-9.35;3.46;2.06;1496.0;SongTien_ST6P.csv
ST7;Tien;SongTien;36060.0;541286.882850012;1181897.7119623977;Tien;36744.7;27.2;147;574.6;-20.54;4.52;5.73;9228.5;SongTien_ST7.csv
ST8;Tien;SongTien;41640.0;543231.5415955479;1176834.969145158;Tien;42170.4;37.2;279;1107.6;-16.06;3.46;2.84;14047.2;SongTien_ST8.csv
ST9;Tien;SongTien;46785.0;545516.9177001851;1171973.545228435;Tien;47553.6;21.5;227;898.3;-20.13;2.87;0.07;12533.0;SongTien_ST9.csv
ST10;Tien;SongTien;52010.0;548184.0162838334;1167424.128406796;Tien;52836.5;20.1;191;750.2;-19.56;3.66;3.23;11760.9;SongTien_ST10.csv
ST10P;Tien;SongTien;52920.0;;;;;;78;293.1;-7.16;3.54;3.83;1331.2;SongTien_ST10P.csv
ST11;Tien;SongTien;56516.0;551770.004091034;1164873.525918269;Tien;57300.6;87.2;226;878.5;-21.05;3.93;3.41;13202.5;SongTien_ST11.csv
ST11P;Tien;SongTien;58138.0;;;;;;98;377.5;-7.12;2.73;4.26;1790.9;SongTien_ST11P.csv
ST12;Tien;SongTien;60470.0;555155.3920502054;1164284.3516289662;Tien;60766.3;5.5;292;1155.9;-15.19;3.3;2.79;13884.3;SongTien_ST12.csv
ST12P;Tien;SongTien;63930.0;559068.315512103;1164152.5937978863;Tien;64790.3;65.8;157;601.5;-32.1;3.98;2.64;11334.9;SongTien_ST12P.csv
ST13;Tien;SongTien;68480.0;561663.435236811;1160480.8960212693;Tien;69411.2;56.4;229;869.9;-20.2;2.77;3.36;11280.8;SongTien_ST13.csv
ST14;Tien;SongTien;73045.0;562848.9813003999;1156381.598493928;Tien;73722.7;25.3;350;1377.9;-27.5;3.16;2.86;17446.6;SongTien_ST14.csv
ST14P;Tien;SongTien;76420.0;562405.2739533705;1152838.3049635296;Tien_4;15478.8;3.7;67;259.0;-10.4;1.62;2.37;1676.5;SongTien_ST14P.csv
ST15;Tien;SongTien;79570.0;565184.9420879434;1150885.3119394288;Tien_5;5266.9;11.2;143;575.3;-15.4;1.96;2.37;4834.4;SongTien_ST15.csv
ST16;Tien;SongTien;83763.0;569286.2050682723;1151066.4871071943;Tien;83873.6;39.4;166;639.4;-30.2;3.57;2.59;12492.2;SongTien_ST16.csv
ST16P;Tien;SongTien;86520.0;571744.7091215879;1150971.4890650834;Tien;86342.1;81.8;229;897.2;-21.51;2.84;-1.38;15042.4;SongTien_ST16P.csv
ST17;Tien;SongTien;89240.0;574488.3417707949;1150557.9976117811;Tien;89124.7;138.1;260;1024.6;-18.54;2.35;3.29;15103.5;SongTien_ST17.csv
ST18;Tien;SongTien;93780.0;578912.1686216621;1148653.0808766615;Tien;94034.5;116.5;338;1338.6;-32.0;2.68;-1.28;20774.1;SongTien_ST18.csv
ST19;Tien;SongTien;98915.0;582121.1341736565;1145129.554075132;Tien;98982.9;124.9;294;1173.7;-28.7;3.36;2.64;16704.9;SongTien_ST19.csv
ST19P;Tien;SongTien;98915.0;;;;;;33;114.8;-4.6;0.4;2.5;255.0;SongTien_ST19P.csv
ST20;Tien;SongTien;104450.0;583967.3453793318;1139895.7359278484;Tien;104582.7;18.2;263;1029.8;-23.4;3.19;2.55;16884.2;SongTien_ST20.csv
ST21;Tien;SongTien;108110.0;586507.1766227712;1137237.3326204296;Tien;108411.4;54.7;302;1183.3;-38.2;-0.71;0.87;19388.5;SongTien_ST21.csv
ST21P;Tien;SongTien;111670.0;;;;;;48;183.6;-6.1;2.21;2.87;588.0;SongTien_ST21P.csv
ST22;Tien;SongTien;113785.0;591649.2964927596;1138544.3296761832;Tien;113833.3;34.6;320;1253.0;-30.51;-1.87;2.13;24206.0;SongTien_ST22.csv
ST22P;Tien;SongTien;114524.0;;;;;;64;239.1;-7.01;1.49;2.19;1193.7;SongTien_ST22P.csv
ST23;Tien;SongTien;118135.0;595923.2517896135;1137697.047168265;Tien;118257.5;50.4;216;840.4;-28.84;1.91;-1.26;15934.9;SongTien_ST23.csv
ST24;Tien;SongTien;121500.0;599913.9200323207;1136305.3005089543;Tien;123017.2;28.3;237;920.2;-24.23;1.98;2.41;16376.6;SongTien_ST24.csv
ST25;Tien;SongTien;126400.0;604005.019004522;1139107.0954557462;Tien;128192.5;129.6;260;1018.5;-24.05;0.88;1.11;10406.2;SongTien_ST25.csv
ST26;Tien;SongTien;133000.0;609244.7202190632;1141696.3255374774;Tien;134975.1;11.2;105;441.7;-19.38;2.47;0.77;5599.0;SongTien_ST26.csv
ST27P;Tien;SongTien;135400.0;611828.0340256492;1141157.78352987;CaiBe_TG;782.9;7.4;144;568.4;-9.25;2.14;0.76;3570.1;SongTien_ST27P.csv
ST27;Tien;SongTien;135400.0;611346.7315236983;1140198.3275662535;Tien;137687.7;278.3;380;1484.2;-14.72;1.88;1.05;13268.7;SongTien_ST27.csv
ST28;Tien;SongTien;142050.0;616793.7273423339;1136915.2691964055;Tien;144056.1;12.9;194;766.9;-17.39;2.23;1.09;8284.5;SongTien_ST28.csv
ST29;Tien;SongTien;147050.0;621725.321796265;1137023.4327955593;Tien;149390.1;77.2;124;476.6;-33.6;1.81;1.65;8253.4;SongTien_ST29.csv
ST30;Tien;SongTien;151600.0;626151.296031233;1137399.9342198907;Tien;153904.0;17.6;252;978.0;-14.02;0.12;0.86;7463.2;SongTien_ST30.csv
ST31P;Tien;SongTien;157250.0;630791.3218789081;1140647.827719063;NamThon;15296.4;4.7;108;416.4;-3.7;1.41;1.65;1599.7;SongTien_ST31P.csv
ST31;Tien;SongTien;157250.0;631143.8313940882;1139952.2522036391;Tien;159523.9;16.5;238;922.6;-10.79;0.11;0.65;7323.7;SongTien_ST31.csv
ST32;Tien;SongTien;164000.0;637752.5807518674;1141361.3558998525;Tien;166417.2;30.9;200;974.0;-14.35;2.04;1.27;10152.9;SongTien_ST32.csv
ST33;Tien;SongTien;168900.0;642432.6184230759;1142694.018449955;Tien;171308.2;46.0;190;913.2;-12.2;2.26;1.82;8531.7;SongTien_ST33.csv
ST33P;Tien;SongTien;168900.0;643247.825082558;1141045.7629820795;Tien_9;2608.8;10.5;93;432.1;-16.33;1.69;1.81;4003.7;SongTien_ST33P.csv
ST33A;Tien;SongTien;173800.0;647151.5904142853;1143785.671672174;Tien;176151.4;5.2;155;728.4;-14.86;2.52;2.25;7802.0;SongTien_ST33A.csv
ST34P;Tien;SongTien;177100.0;650200.9860779927;1144429.781710361;Tien_7;1483.8;16.9;69;315.7;-10.57;2.73;1.87;2058.0;SongTien_ST34P.csv
ST34;Tien;SongTien;177100.0;650117.8688708053;1143138.9766855212;Tien_8;3859.1;37.0;305;1498.7;-11.27;1.69;1.82;11960.5;SongTien_ST34.csv
ST35;Tien;SongTien;181000.0;654133.8436688841;1142341.8655850412;Tien;183962.9;45.6;240;1169.2;-12.95;1.99;1.84;12086.2;SongTien_ST35.csv
ST36;Tien;SongTien;185050.0;657593.2716808701;1140196.749005489;Tien;188038.0;37.4;277;1342.3;-10.92;1.53;1.71;13362.9;SongTien_ST36.csv
SH1A;BASSAC;SongHau;170.0;509144.0847846043;1211136.5163552982;BASSAC;145.8;12.7;67;251.0;-6.47;2.56;5.06;1191.5;SongHau_SH1A.csv
SH1B;BASSAC;SongHau;4333.0;512838.4756083026;1211205.9048578758;BASSAC;4583.4;3.1;43;164.2;-12.24;4.97;2.68;999.6;SongHau_SH1B.csv
SH1;BASSAC;SongHau;8525.0;510601.8735683888;1207017.5621585045;BASSAC;9638.5;10.7;110;559.7;-4.52;5.04;3.93;1272.6;SongHau_SH1.csv
SH2;BASSAC;SongHau;13780.0;509177.6703426533;1203596.139370014;BASSAC;14062.9;1.8;67;258.8;-8.11;2.75;2.34;1280.0;SongHau_SH2.csv
SH3;BASSAC;SongHau;19655.0;508681.6226396941;1199643.6800374305;BASSAC;19954.4;12.0;65;243.0;-19.91;4.27;5.41;2007.4;SongHau_SH3.csv
SH4;BASSAC;SongHau;23550.0;510213.08608212817;1195888.1689731902;BASSAC;24139.6;13.2;60;221.2;-12.68;2.91;2.67;1515.8;SongHau_SH4.csv
SH4P;BASSAC;SongHau;25025.0;;;;;;54;189.6;-4.38;4.3;1.83;450.8;SongHau_SH4P.csv
SH5;BASSAC;SongHau;29050.0;513403.1269957471;1192012.9548808744;BASSAC;29223.9;6.3;63;241.3;-9.57;2.11;4.44;1414.5;SongHau_SH5.csv
SH5P;BASSAC;SongHau;33800.0;512060.6950145203;1190857.9466288504;Hau_1;4565.9;10.6;53;204.6;-7.26;3.14;2.23;648.7;SongHau_SH5P.csv
SH6;BASSAC;SongHau;35290.0;514261.3540633758;1186101.759537882;BASSAC;35767.3;22.2;84;321.5;-19.84;3.12;3.43;3805.5;SongHau_SH6.csv
SH7;BASSAC;SongHau;39570.0;515484.6167719285;1183433.9808196353;BASSAC;39933.1;3.7;109;409.4;-18.58;4.33;3.4;5081.9;SongHau_SH7.csv
SH8;BASSAC;SongHau;44935.0;520686.78371405;1182240.0715057552;BASSAC;45300.9;8.0;160;617.7;-15.44;3.74;5.11;5214.5;SongHau_SH8.csv
SH9;BASSAC;SongHau;48930.0;523299.07824301225;1179269.3015026185;BASSAC;49429.4;48.6;134;527.0;-14.02;4.53;1.36;5320.3;SongHau_SH9.csv
SH10;BASSAC;SongHau;53900.0;523230.0233182888;1174422.7628387813;BASSAC;54399.8;5.0;110;436.1;-18.27;2.04;1.97;5175.5;SongHau_SH10.csv
SH11;BASSAC;SongHau;59000.0;525595.4967514919;1170449.207175562;BASSAC;59114.9;4.7;173;677.0;-13.75;1.32;3.21;5843.2;SongHau_SH11.csv
SH12;BASSAC;SongHau;64370.0;530045.8443352625;1166971.5510252803;BASSAC;64820.7;38.7;102;384.5;-20.22;3.01;3.95;4828.3;SongHau_SH12.csv
SH12P;BASSAC;SongHau;66946.0;;;;;;58;215.4;-3.73;3.04;2.5;534.4;SongHau_SH12P.csv
SH13;BASSAC;SongHau;69580.0;534571.6611009811;1166216.4466345885;BASSAC;69573.8;117.2;222;871.4;-16.95;2.87;2.52;8236.3;SongHau_SH13.csv
SH14;BASSAC;SongHau;72670.0;536201.3926575102;1163385.5796798996;BASSAC;73019.0;17.2;241;947.1;-17.96;1.67;3.02;12203.4;SongHau_SH14.csv
SH15;BASSAC;SongHau;79450.0;539910.6162315215;1157641.4981113144;BASSAC;80045.1;62.3;205;801.3;-19.3;2.62;3.03;12547.1;SongHau_SH15.csv
SH15P;BASSAC;SongHau;79450.0;538420.2893979535;1156225.2579382649;Hau_2;3607.8;5.3;84;318.5;-4.25;1.77;3.48;1128.9;SongHau_SH15P.csv
SH16;BASSAC;SongHau;83415.0;542927.6681111609;1154968.234616317;BASSAC;84136.1;4.9;201;783.0;-20.06;2.64;2.47;12802.0;SongHau_SH16.csv
SH17P;BASSAC;SongHau;88265.0;549853.6493703298;1152292.364536405;Hau_3;5907.8;38.9;86;316.9;-28.08;2.92;2.53;4440.9;SongHau_SH17P.csv
SH17;BASSAC;SongHau;91430.0;545680.833515744;1151322.4545097004;BASSAC;89062.4;26.6;157;604.3;-19.4;4.26;3.15;8911.4;SongHau_SH17.csv
SH18;BASSAC;SongHau;95965.0;549501.893369359;1147945.3148917034;BASSAC;94309.1;14.4;180;677.0;-30.62;2.01;3.05;12506.9;SongHau_SH18.csv
SH19;BASSAC;SongHau;100860.0;552241.8469032409;1143605.1767580989;BASSAC;99484.5;24.4;200;784.7;-20.15;3.07;1.75;12293.4;SongHau_SH19.csv
SH20;BASSAC;SongHau;105630.0;555546.9010926653;1140172.915462952;BASSAC;104257.8;54.0;291;1161.1;-15.33;1.77;2.81;14528.7;SongHau_SH20.csv
SH21;BASSAC;SongHau;110880.0;560136.079740997;1137183.0816767362;BASSAC;109810.9;45.1;320;1242.3;-21.55;3.33;0.27;15206.7;SongHau_SH21.csv
SH21P;BASSAC;SongHau;110880.0;558862.2237781096;1135568.3632837222;Hau_4;4509.7;36.6;101;389.2;-10.56;1.68;2.16;2811.8;SongHau_SH21P.csv
SH22;BASSAC;SongHau;116420.0;564041.0507421559;1133581.3254112592;BASSAC;115140.9;19.6;260;1009.9;-16.53;1.39;-0.54;12902.7;SongHau_SH22.csv
SH22P;BASSAC;SongHau;116420.0;562625.1048927563;1131905.318807587;Hau_4;9797.2;12.9;105;401.7;-11.33;0.55;1.61;3275.3;SongHau_SH22P.csv
SH23;BASSAC;SongHau;122040.0;567561.7965654831;1129116.9909490785;BASSAC;120874.8;4.5;197;757.5;-22.69;1.67;1.32;11641.2;SongHau_SH23.csv
SH23P;BASSAC;SongHau;122040.0;565749.1092941039;1128070.4286620743;Hau_4;14769.4;16.1;157;615.2;-8.69;1.62;1.5;4073.2;SongHau_SH23P.csv
SH24;BASSAC;SongHau;126335.0;569236.948573452;1125267.6336313111;BASSAC;125128.2;39.7;319;1253.9;-19.56;1.46;1.5;16882.7;SongHau_SH24.csv
SH25;BASSAC;SongHau;130770.0;572425.9900744738;1121874.3248252487;BASSAC;129791.7;55.3;277;1096.2;-23.07;2.11;1.63;17046.1;SongHau_SH25.csv
SH26;BASSAC;SongHau;133800.0;576557.7071322326;1119164.0528236586;BASSAC;134726.4;39.0;236;1138.2;-19.28;0.54;3.11;16803.0;SongHau_SH26.csv
SH27;BASSAC;SongHau;140500.0;582175.556098267;1115562.6511512788;BASSAC;141521.2;60.5;187;883.5;-19.41;2.22;0.52;13274.5;SongHau_SH27.csv
SH27P;BASSAC;SongHau;140500.0;581662.5227035158;1114617.5108162588;Hau_5;1759.9;9.8;114;529.5;-13.83;-1.34;2.22;5657.3;SongHau_SH27P.csv
SH28;BASSAC;SongHau;145500.0;586190.7540920044;1112707.3307550417;BASSAC;146631.6;40.0;210;1006.7;-35.55;1.98;0.62;19467.5;SongHau_SH28.csv
SH29;BASSAC;SongHau;150400.0;589200.0005160717;1108925.502001095;BASSAC;151477.2;55.3;215;1038.3;-21.98;2.57;1.76;16656.2;SongHau_SH29.csv
SH29P;BASSAC;SongHau;150400.0;588152.5667320311;1108149.6935429121;Hau_6;2699.1;25.8;94;429.6;-9.34;1.85;2.41;2646.4;SongHau_SH29P.csv
SH30;BASSAC;SongHau;153900.0;591069.8872353251;1105337.7546362916;BASSAC;155578.2;148.9;319;1550.5;-18.61;0.5;1.01;20437.6;SongHau_SH30.csv
SH31P;BASSAC;SongHau;158500.0;594926.1747863563;1104570.9669923463;Hau_7;3444.9;20.4;78;297.7;-8.79;2.37;1.58;1975.9;SongHau_SH31P.csv
SH31;BASSAC;SongHau;158500.0;593492.5444627274;1102681.0120251875;BASSAC;159229.4;28.1;327;1304.0;-18.8;2.3;2.09;18608.1;SongHau_SH31.csv
SH32P;BASSAC;SongHau;163050.0;599549.3040807641;1102279.5883337804;Hau_7;8726.1;70.0;166;649.8;-15.09;2.14;1.6;5686.8;SongHau_SH32P.csv
SH32;BASSAC;SongHau;163050.0;597217.4939102642;1099440.180932298;BASSAC;164177.2;12.3;249;985.6;-21.24;1.73;3.12;15069.9;SongHau_SH32.csv
SH33;BASSAC;SongHau;169200.0;601691.4376957464;1095278.7358146938;BASSAC;170488.8;50.9;200;789.0;-18.37;0.87;1.73;10918.3;SongHau_SH33.csv
SH34;BASSAC;SongHau;174900.0;605493.294691367;1091325.381628203;BASSAC;176015.3;134.0;182;698.7;-18.8;0.39;1.97;8960.2;SongHau_SH34.csv
SH35;BASSAC;SongHau;179800.0;610335.3964234702;1089031.4255024719;Hau_7;26170.0;20.0;737;3446.3;-12.38;1.81;2.56;32222.3;SongHau_SH35.csv
SH36;BASSAC;SongHau;185450.0;613716.2268292602;1084875.702093873;BASSAC;186668.9;107.4;666;3317.2;-12.98;1.65;2.21;31873.1;SongHau_SH36.csv
SH36A;BASSAC;SongHau;190400.0;617006.2144783727;1081456.7051509772;BASSAC;191523.2;82.8;591;3263.0;-17.29;2.22;2.14;29444.1;SongHau_SH36A.csv
SH37;BASSAC;SongHau;194850.0;620454.5681201773;1079252.8233372075;CuaDinhAn;2871.9;97.0;374;1706.7;-12.79;1.13;2.11;21185.3;SongHau_SH37.csv
SH37P;BASSAC;SongHau;194850.0;618650.3251675959;1077448.0034732027;CuaTranDe;3245.4;158.7;354;1684.6;-9.75;2.5;2.41;13544.0;SongHau_SH37P.csv
SH38;BASSAC;SongHau;199500.0;624148.2026195797;1075647.387802201;CuaDinhAn;8069.0;54.5;447;2179.4;-14.78;1.45;0.38;22579.3;SongHau_SH38.csv
SH38P;BASSAC;SongHau;199500.0;620558.7132914222;1072855.5879549438;CuaTranDe;8222.1;46.9;277;1311.7;-9.81;-0.44;2.19;11181.7;SongHau_SH38P.csv
SH39;BASSAC;SongHau;204200.0;627312.0347396717;1072167.4585970868;CuaDinhAn;12799.6;99.7;328;1585.7;-14.64;1.51;1.95;20017.0;SongHau_SH39.csv
SH39P;BASSAC;SongHau;204200.0;622938.3531309296;1067790.509156131;CuaTranDe;13833.4;54.5;210;992.5;-12.61;1.25;2.74;10354.8;SongHau_SH39P.csv
SH40;BASSAC;SongHau;209200.0;630962.5891964585;1068645.2313617202;CuaDinhAn;17865.3;36.8;420;1785.2;-11.81;0.5;2.29;20629.2;SongHau_SH40.csv
SH40P;BASSAC;SongHau;209200.0;626212.3183454312;1063836.0818486202;CuaTranDe;19013.4;4.1;275;1313.0;-10.72;0.41;0.2;12043.0;SongHau_SH40P.csv
SH41;BASSAC;SongHau;213900.0;634546.0556314269;1065671.343013698;CuaDinhAn;22520.6;51.5;484;2280.0;-10.75;2.22;1.15;23096.1;SongHau_SH41.csv
SH41P;BASSAC;SongHau;213900.0;629365.0454650505;1059691.651363879;CuaTranDe;24226.3;121.6;375;1637.8;-9.22;-0.93;0.48;12901.9;SongHau_SH41P.csv
SH42;BASSAC;SongHau;218400.0;638064.624363941;1062640.840671563;CuaDinhAn;27150.6;190.6;569;2635.6;-12.19;1.69;0.64;25587.4;SongHau_SH42.csv
SH42P;BASSAC;SongHau;218400.0;631975.9295751585;1055098.9509346506;CuaTranDe;29553.3;126.1;348;1694.1;-11.46;0.88;2.06;13379.0;SongHau_SH42P.csv
SH43;BASSAC;SongHau;223215.0;642104.8716633501;1060214.6344448703;CuaDinhAn;31862.3;110.2;565;2734.0;-11.17;1.86;0.7;25208.7;SongHau_SH43.csv
SH43P;BASSAC;SongHau;223215.0;633790.4764635349;1051054.33455306;CuaTranDe;33990.9;51.4;564;2715.0;-9.5;1.73;0.4;15710.1;SongHau_SH43P.csv
VN1;VamNao;SongVamNao;355.0;538397.1957703609;1184279.2155686917;Tien_2;22940.2;67.5;270;1056.4;-18.33;2.61;-1.33;11327.3;SongVamNao_VN1.csv
VN2;VamNao;SongVamNao;5260.0;536935.6181875676;1179672.5284970938;VamNao;6117.2;54.6;166;639.6;-23.26;-1.02;4.56;8746.6;SongVamNao_VN2.csv
VN3;VamNao;SongVamNao;9855.0;537626.8654641908;1175126.7836645239;VamNao;10749.7;108.8;177;700.0;-14.76;-0.47;3.16;8131.7;SongVamNao_VN3.csv
VN4;VamNao;SongVamNao;13670.0;539197.3424689199;1171731.8543469303;VamNao;14486.0;5.4;194;739.0;-12.35;2.72;5.0;8364.0;SongVamNao_VN4.csv
VN5;VamNao;SongVamNao;17315.0;539766.5583834735;1168423.415100356;VamNao;18163.9;21.0;137;527.8;-22.03;3.75;3.41;6690.9;SongVamNao_VN5.csv
VN6;VamNao;SongVamNao;22000.0;536050.0073768167;1165490.891188064;VamNao;23011.6;23.1;127;488.0;-19.91;2.97;4.07;7234.5;SongVamNao_VN6.csv
VN5P;VamNao;SongVamNao;16535.0;;;;;;61;224.7;-8.86;1.74;2.68;951.2;SongVamNao_VN5P.csv
CC1;CoChien;SongCoChien;0.0;602383.9084239744;1136287.0335051173;CoChien;814.1;48.2;231;1117.0;-19.97;-0.79;2.55;15206.0;SongCoChien_CC1.csv
CC2;CoChien;SongCoChien;4900.0;606789.5062267092;1134394.2051409064;CoChien;5923.1;17.0;116;543.7;-35.74;-0.88;2.33;10489.4;SongCoChien_CC2.csv
CC3;CoChien;SongCoChien;10100.0;611805.6036037637;1134391.5641031864;CoChien;11066.3;12.5;297;1461.1;-18.22;-0.77;2.74;19086.5;SongCoChien_CC3.csv
CC4P;CoChien;SongCoChien;15750.0;616991.262136887;1134180.9928244434;CoChien_1;3541.9;28.1;74;331.5;-10.56;2.02;2.77;2244.3;SongCoChien_CC4P.csv
CC4;CoChien;SongCoChien;15750.0;616950.8916267061;1132554.388967338;CoChien;16856.8;5.9;122;582.1;-27.48;-0.66;2.47;10859.6;SongCoChien_CC4.csv
CC5;CoChien;SongCoChien;21500.0;622504.060438818;1131489.9743742284;CoChien;22642.5;136.5;314;1548.7;-20.67;3.06;2.04;22757.9;SongCoChien_CC5.csv
CC6;CoChien;SongCoChien;26750.0;626783.0516520563;1128423.8628847834;CoChien;28035.7;13.5;211;1024.9;-20.53;1.64;-0.33;14882.0;SongCoChien_CC6.csv
CC6P;CoChien;SongCoChien;26750.0;625789.9957553286;1127672.8273298743;CoChien_2;1824.7;61.1;119;563.6;-12.1;0.64;0.76;4791.3;SongCoChien_CC6P.csv
CC7P;CoChien;SongCoChien;30450.0;629554.0489244711;1125867.98666653;CoChien_3;3595.2;26.7;150;713.6;-17.41;1.78;0.44;9565.8;SongCoChien_CC7P.csv
CC7;CoChien;SongCoChien;30450.0;628574.6937698638;1125198.747738916;CoChien;31823.3;50.7;164;602.2;-19.31;1.47;1.55;8895.3;SongCoChien_CC7.csv
CC8P;CoChien;SongCoChien;35350.0;632962.9873468766;1122694.237592664;CoChien_3;8269.2;50.9;165;639.3;-14.93;1.22;1.72;7876.6;SongCoChien_CC8P.csv
CC8;CoChien;SongCoChien;35350.0;630087.1763996317;1120471.038928997;CoChien;36969.6;7.2;205;785.5;-20.82;0.7;1.17;11921.4;SongCoChien_CC8.csv
CC9P;CoChien;SongCoChien;39800.0;635734.6549237003;1119093.1980217167;CoChien_3;12861.7;36.3;247;944.5;-13.63;1.39;1.42;10918.6;SongCoChien_CC9P.csv
CC9;CoChien;SongCoChien;39800.0;633037.177432908;1117361.538934164;CoChien;41263.1;57.2;318;1228.5;-18.2;1.41;2.27;15472.6;SongCoChien_CC9.csv
CC10P;CoChien;SongCoChien;44700.0;;;;;;211;803.7;-13.69;1.27;1.45;9930.3;SongCoChien_CC10P.csv
CC10;CoChien;SongCoChien;44700.0;637353.31014766;1113178.2501525679;CoChien;47345.9;30.8;374;1437.9;-15.61;0.36;1.97;16386.1;SongCoChien_CC10.csv
CC11;CoChien;SongCoChien;49450.0;640872.7555414238;1111632.7639757507;CoChien;51479.8;307.9;577;2266.2;-17.0;1.62;1.63;29684.2;SongCoChien_CC11.csv
CC12P;CoChien;SongCoChien;53350.0;644794.0474100595;1109917.2812679142;CoChien_4;4025.8;29.0;66;288.7;-6.78;1.73;1.59;1559.1;SongCoChien_CC12P.csv
CC12;CoChien;SongCoChien;53350.0;643422.4418649746;1108669.834894912;CoChien;55501.6;20.6;323;1580.4;-17.6;1.55;2.11;23675.7;SongCoChien_CC12.csv
CC13;CoChien;SongCoChien;57800.0;647206.2992246614;1106012.345548903;CoChien;60220.0;203.9;536;2633.4;-17.61;1.78;1.76;33291.4;SongCoChien_CC13.csv
CC14;CoChien;SongCoChien;61500.0;650199.8320329535;1104163.0758799117;CuaCoChien;2499.8;67.4;325;1589.5;-14.71;1.63;1.72;18145.6;SongCoChien_CC14.csv
CC14P;CoChien;SongCoChien;61500.0;649108.0783472995;1102948.532503365;CuaCungHau;2806.6;41.1;177;852.4;-13.23;2.44;1.86;10209.6;SongCoChien_CC14P.csv
CC15;CoChien;SongCoChien;65700.0;654102.6066229269;1101567.4122714968;CuaCoChien;7191.5;50.5;289;1406.6;-15.87;0.2;1.64;16767.6;SongCoChien_CC15.csv
CC15P;CoChien;SongCoChien;65700.0;652363.2155901634;1099653.7546232888;CuaCungHau;7496.5;45.9;231;1100.3;-12.78;-0.43;2.2;11394.3;SongCoChien_CC15P.csv
CC16;CoChien;SongCoChien;70950.0;658197.8747629937;1099213.215484507;CuaCoChien;11937.3;38.5;263;1273.5;-13.59;1.43;0.87;15226.3;SongCoChien_CC16.csv
CC16P;CoChien;SongCoChien;70950.0;656709.4054668581;1095843.4110694395;CuaCungHau;13292.8;3.3;249;1219.4;-12.96;2.36;1.27;12822.3;SongCoChien_CC16P.csv
CC17;CoChien;SongCoChien;76300.0;662858.1737712978;1096652.6966598828;CuaCoChien;17306.0;113.9;283;1371.8;-15.83;1.76;1.41;15973.8;SongCoChien_CC17.csv
CC17P;CoChien;SongCoChien;76300.0;;;;;;393;1896.5;-12.48;1.0;0.93;15520.9;SongCoChien_CC17P.csv
CC18;CoChien;SongCoChien;81700.0;666593.9170734196;1092750.306459673;CuaCoChien;22753.7;137.7;347;1707.9;-15.16;2.28;1.33;17705.7;SongCoChien_CC18.csv
CC18P;CoChien;SongCoChien;81700.0;663064.9114324265;1090025.1283164404;CuaCungHau;21931.4;34.0;493;2482.7;-9.46;1.53;1.2;17206.8;SongCoChien_CC18P.csv
CC19;CoChien;SongCoChien;86060.0;669921.0838219826;1089692.525357588;CuaCoChien;27261.7;55.0;361;1752.1;-12.43;1.88;1.95;18286.9;SongCoChien_CC19.csv
CC19P;CoChien;SongCoChien;86060.0;665854.4208502304;1086604.9653660578;CuaCungHau;26410.9;268.7;531;2597.5;-9.29;1.42;3.35;17706.5;SongCoChien_CC19P.csv
HL1;HamLuong;SongHamLuong;0.0;626127.126285017;1135885.7675012776;Ham Luong;1426.1;13.8;289;887.4;-13.89;1.39;3.06;8723.6;SongHamLuong_HL1.csv
HL2;HamLuong;SongHamLuong;5650.0;630749.5008694445;1133828.9835980013;Ham Luong;6757.5;26.2;119;365.3;-14.91;0.24;0.25;3529.7;SongHamLuong_HL2.csv
HL3;HamLuong;SongHamLuong;10350.0;635055.4556803438;1132798.5610480404;Ham Luong;11905.2;70.7;178;553.8;-23.58;2.17;1.71;7879.3;SongHamLuong_HL3.csv
HL4;HamLuong;SongHamLuong;15250.0;639584.7850519263;1134598.5625772204;Ham Luong;16820.2;80.9;371;1128.2;-11.91;1.65;1.83;11327.7;SongHamLuong_HL4.csv
HL5;HamLuong;SongHamLuong;20150.0;644260.0256109444;1133305.593070188;Ham Luong;21885.1;22.0;273;833.0;-15.92;1.73;1.37;9830.0;SongHamLuong_HL5.csv
HL6;HamLuong;SongHamLuong;22750.0;646437.0231098091;1131329.0219801986;Ham Luong;24857.3;8.1;236;714.2;-15.73;1.8;1.28;9149.1;SongHamLuong_HL6.csv
HL7;HamLuong;SongHamLuong;28650.0;648822.9770886198;1126330.2838867954;Ham Luong;30660.7;21.2;169;804.6;-12.06;-0.36;1.86;8761.9;SongHamLuong_HL7.csv
HL8P;HamLuong;SongHamLuong;34000.0;652368.137980825;1122472.6370582064;HamLuong_4;6994.4;34.0;138;658.3;-11.96;2.2;2.1;5155.1;SongHamLuong_HL8P.csv
HL8;HamLuong;SongHamLuong;34000.0;651006.2335896373;1121556.948932506;Ham Luong;35928.8;2.5;174;837.9;-15.41;2.17;1.77;10116.6;SongHamLuong_HL8.csv
HL9;HamLuong;SongHamLuong;38200.0;653787.3918495975;1117855.7160679472;Ham Luong;40595.0;19.5;196;941.9;-22.01;1.74;2.21;11921.0;SongHamLuong_HL9.csv
HL10P;HamLuong;SongHamLuong;44000.0;658327.4602193515;1115357.3108941265;HamLuong_5;6067.7;19.7;97;424.8;-12.57;1.62;0.55;3267.9;SongHamLuong_HL10P.csv
HL10;HamLuong;SongHamLuong;44000.0;657222.8895198042;1114158.568711972;Ham Luong;45684.2;14.9;289;1378.4;-11.32;1.92;1.86;14719.0;SongHamLuong_HL10.csv
HL11;HamLuong;SongHamLuong;48600.0;660375.6763312018;1110933.646541834;Ham Luong;50286.2;7.3;332;1603.4;-11.55;1.05;0.23;17565.3;SongHamLuong_HL11.csv
HL12;HamLuong;SongHamLuong;52500.0;663383.329382761;1108509.6177897218;Ham Luong;54220.6;105.2;541;2649.9;-9.03;0.81;2.11;22012.3;SongHamLuong_HL12.csv
HL13P;HamLuong;SongHamLuong;56650.0;667418.2865164959;1108114.0395401185;HamLuong_6;3085.2;120.2;217;1038.3;-10.43;2.23;0.25;7024.2;SongHamLuong_HL13P.csv
HL13;HamLuong;SongHamLuong;56650.0;666721.1704990263;1105914.7135769834;Ham Luong;58601.7;117.9;257;1233.7;-14.28;1.93;0.72;13534.2;SongHamLuong_HL13.csv
HL14;HamLuong;SongHamLuong;60850.0;671359.2556761778;1105152.2974937754;Ham Luong;63615.1;93.4;417;2039.6;-12.19;0.4;1.57;20118.3;SongHamLuong_HL14.csv
HL15;HamLuong;SongHamLuong;65300.0;675253.0149440952;1102766.5915294709;Ham Luong;68180.6;13.2;536;2594.3;-10.05;2.1;0.5;20941.9;SongHamLuong_HL15.csv
HL16;HamLuong;SongHamLuong;69100.0;678826.859371063;1101366.4911202802;Ham Luong;72019.2;131.0;567;2790.8;-10.81;1.85;1.92;23142.5;SongHamLuong_HL16.csv
